Kod obce,Nazev obce          ,Volici v seznamu,Vydane obalky,Platne hlasy,Kandidujici strany
564575,Bechlín             ,971,590,587,"Obèanská demokratická aliance, Èeská str.sociálnì demokrat., CESTA ODPOVÌDNÉ SPOLEÈNOSTI, Obèanská demokratická strana, Strana zelenıch, Referendum o Evropské unii, ROZUMNÍ-stop migraci,diktát.EU, Èeská strana národnì sociální, Køes.demokr.unie-Ès.str.lid., Komunistická str.Èech a Moravy, STAROSTOVÉ A NEZÁVISLÍ, Dobrá volba 2016, SPR-Republ.str.Èsl. M.Sládka, Dìlnic.str.sociální spravedl., SPORTOVCI, ANO 2011, Øád národa - Vlastenecká unie, REALISTÉ, Strana svobodnıch obèanù, Blok proti islam.-Obran.domova, TOP 09, Svob.a pø.dem.-T.Okamura (SPD), Èeská pirátská strana, Strana Práv Obèanù"
564591,Bohušovice nad Ohøí ,1997,1166,1159,"Obèanská demokratická aliance, Èeská str.sociálnì demokrat., CESTA ODPOVÌDNÉ SPOLEÈNOSTI, Obèanská demokratická strana, Strana zelenıch, Referendum o Evropské unii, ROZUMNÍ-stop migraci,diktát.EU, Èeská strana národnì sociální, Køes.demokr.unie-Ès.str.lid., Komunistická str.Èech a Moravy, STAROSTOVÉ A NEZÁVISLÍ, Dobrá volba 2016, SPR-Republ.str.Èsl. M.Sládka, Dìlnic.str.sociální spravedl., SPORTOVCI, ANO 2011, Øád národa - Vlastenecká unie, REALISTÉ, Strana svobodnıch obèanù, Blok proti islam.-Obran.domova, TOP 09, Svob.a pø.dem.-T.Okamura (SPD), Èeská pirátská strana, Strana Práv Obèanù"
564613,Bròany              ,347,181,180,"Obèanská demokratická strana, Øád národa - Vlastenecká unie, CESTA ODPOVÌDNÉ SPOLEÈNOSTI, Èeská str.sociálnì demokrat., STAROSTOVÉ A NEZÁVISLÍ, Komunistická str.Èech a Moravy, Strana zelenıch, ROZUMNÍ-stop migraci,diktát.EU, Strana svobodnıch obèanù, Blok proti islam.-Obran.domova, Obèanská demokratická aliance, Èeská pirátská strana, Referendum o Evropské unii, TOP 09, ANO 2011, Dobrá volba 2016, SPR-Republ.str.Èsl. M.Sládka, Køes.demokr.unie-Ès.str.lid., Èeská strana národnì sociální, REALISTÉ, SPORTOVCI, Dìlnic.str.sociální spravedl., Svob.a pø.dem.-T.Okamura (SPD), Strana Práv Obèanù"
564621,Brozany nad Ohøí    ,1014,569,565,"Obèanská demokratická strana, Øád národa - Vlastenecká unie, CESTA ODPOVÌDNÉ SPOLEÈNOSTI, Èeská str.sociálnì demokrat., STAROSTOVÉ A NEZÁVISLÍ, Komunistická str.Èech a Moravy, Strana zelenıch, ROZUMNÍ-stop migraci,diktát.EU, Strana svobodnıch obèanù, Blok proti islam.-Obran.domova, Obèanská demokratická aliance, Èeská pirátská strana, Referendum o Evropské unii, TOP 09, ANO 2011, Dobrá volba 2016, SPR-Republ.str.Èsl. M.Sládka, Køes.demokr.unie-Ès.str.lid., Èeská strana národnì sociální, REALISTÉ, SPORTOVCI, Dìlnic.str.sociální spravedl., Svob.a pø.dem.-T.Okamura (SPD), Strana Práv Obèanù"
546755,Brzánky             ,67,50,50,"Obèanská demokratická strana, Øád národa - Vlastenecká unie, CESTA ODPOVÌDNÉ SPOLEÈNOSTI, Èeská str.sociálnì demokrat., STAROSTOVÉ A NEZÁVISLÍ, Komunistická str.Èech a Moravy, Strana zelenıch, ROZUMNÍ-stop migraci,diktát.EU, Strana svobodnıch obèanù, Blok proti islam.-Obran.domova, Obèanská demokratická aliance, Èeská pirátská strana, Referendum o Evropské unii, TOP 09, ANO 2011, Dobrá volba 2016, SPR-Republ.str.Èsl. M.Sládka, Køes.demokr.unie-Ès.str.lid., Èeská strana národnì sociální, REALISTÉ, SPORTOVCI, Dìlnic.str.sociální spravedl., Svob.a pø.dem.-T.Okamura (SPD), Strana Práv Obèanù"
564648,Bøíza               ,336,180,180,"Obèanská demokratická strana, Øád národa - Vlastenecká unie, CESTA ODPOVÌDNÉ SPOLEÈNOSTI, Èeská str.sociálnì demokrat., STAROSTOVÉ A NEZÁVISLÍ, Komunistická str.Èech a Moravy, Strana zelenıch, ROZUMNÍ-stop migraci,diktát.EU, Strana svobodnıch obèanù, Blok proti islam.-Obran.domova, Obèanská demokratická aliance, Èeská pirátská strana, Referendum o Evropské unii, TOP 09, ANO 2011, Dobrá volba 2016, SPR-Republ.str.Èsl. M.Sládka, Køes.demokr.unie-Ès.str.lid., Èeská strana národnì sociální, REALISTÉ, SPORTOVCI, Dìlnic.str.sociální spravedl., Svob.a pø.dem.-T.Okamura (SPD), Strana Práv Obèanù"
564656,Budynì nad Ohøí     ,1727,999,988,"Obèanská demokratická aliance, Èeská str.sociálnì demokrat., CESTA ODPOVÌDNÉ SPOLEÈNOSTI, Obèanská demokratická strana, Strana zelenıch, Referendum o Evropské unii, ROZUMNÍ-stop migraci,diktát.EU, Èeská strana národnì sociální, Køes.demokr.unie-Ès.str.lid., Komunistická str.Èech a Moravy, STAROSTOVÉ A NEZÁVISLÍ, Dobrá volba 2016, SPR-Republ.str.Èsl. M.Sládka, Dìlnic.str.sociální spravedl., SPORTOVCI, ANO 2011, Øád národa - Vlastenecká unie, REALISTÉ, Strana svobodnıch obèanù, Blok proti islam.-Obran.domova, TOP 09, Svob.a pø.dem.-T.Okamura (SPD), Èeská pirátská strana, Strana Práv Obèanù"
546780,Bıèkovice           ,243,122,122,"Obèanská demokratická strana, Øád národa - Vlastenecká unie, CESTA ODPOVÌDNÉ SPOLEÈNOSTI, Èeská str.sociálnì demokrat., STAROSTOVÉ A NEZÁVISLÍ, Komunistická str.Èech a Moravy, Strana zelenıch, ROZUMNÍ-stop migraci,diktát.EU, Strana svobodnıch obèanù, Blok proti islam.-Obran.domova, Obèanská demokratická aliance, Èeská pirátská strana, Referendum o Evropské unii, TOP 09, ANO 2011, Dobrá volba 2016, SPR-Republ.str.Èsl. M.Sládka, Køes.demokr.unie-Ès.str.lid., Èeská strana národnì sociální, REALISTÉ, SPORTOVCI, Dìlnic.str.sociální spravedl., Svob.a pø.dem.-T.Okamura (SPD), Strana Práv Obèanù"
564672,Ctinìves            ,265,172,172,"Obèanská demokratická strana, Øád národa - Vlastenecká unie, CESTA ODPOVÌDNÉ SPOLEÈNOSTI, Èeská str.sociálnì demokrat., STAROSTOVÉ A NEZÁVISLÍ, Komunistická str.Èech a Moravy, Strana zelenıch, ROZUMNÍ-stop migraci,diktát.EU, Strana svobodnıch obèanù, Blok proti islam.-Obran.domova, Obèanská demokratická aliance, Èeská pirátská strana, Referendum o Evropské unii, TOP 09, ANO 2011, Dobrá volba 2016, SPR-Republ.str.Èsl. M.Sládka, Køes.demokr.unie-Ès.str.lid., Èeská strana národnì sociální, REALISTÉ, SPORTOVCI, Dìlnic.str.sociální spravedl., Svob.a pø.dem.-T.Okamura (SPD), Strana Práv Obèanù"
546852,Èernìves            ,182,114,114,"Obèanská demokratická strana, Øád národa - Vlastenecká unie, CESTA ODPOVÌDNÉ SPOLEÈNOSTI, Èeská str.sociálnì demokrat., STAROSTOVÉ A NEZÁVISLÍ, Komunistická str.Èech a Moravy, Strana zelenıch, ROZUMNÍ-stop migraci,diktát.EU, Strana svobodnıch obèanù, Blok proti islam.-Obran.domova, Obèanská demokratická aliance, Èeská pirátská strana, Referendum o Evropské unii, TOP 09, ANO 2011, Dobrá volba 2016, SPR-Republ.str.Èsl. M.Sládka, Køes.demokr.unie-Ès.str.lid., Èeská strana národnì sociální, REALISTÉ, SPORTOVCI, Dìlnic.str.sociální spravedl., Svob.a pø.dem.-T.Okamura (SPD), Strana Práv Obèanù"
564699,Èerniv              ,132,51,51,"Obèanská demokratická strana, Øád národa - Vlastenecká unie, CESTA ODPOVÌDNÉ SPOLEÈNOSTI, Èeská str.sociálnì demokrat., STAROSTOVÉ A NEZÁVISLÍ, Komunistická str.Èech a Moravy, Strana zelenıch, ROZUMNÍ-stop migraci,diktát.EU, Strana svobodnıch obèanù, Blok proti islam.-Obran.domova, Obèanská demokratická aliance, Èeská pirátská strana, Referendum o Evropské unii, TOP 09, ANO 2011, Dobrá volba 2016, SPR-Republ.str.Èsl. M.Sládka, Køes.demokr.unie-Ès.str.lid., Èeská strana národnì sociální, REALISTÉ, SPORTOVCI, Dìlnic.str.sociální spravedl., Svob.a pø.dem.-T.Okamura (SPD), Strana Práv Obèanù"
542423,Èernouèek           ,248,158,158,"Obèanská demokratická strana, Øád národa - Vlastenecká unie, CESTA ODPOVÌDNÉ SPOLEÈNOSTI, Èeská str.sociálnì demokrat., STAROSTOVÉ A NEZÁVISLÍ, Komunistická str.Èech a Moravy, Strana zelenıch, ROZUMNÍ-stop migraci,diktát.EU, Strana svobodnıch obèanù, Blok proti islam.-Obran.domova, Obèanská demokratická aliance, Èeská pirátská strana, Referendum o Evropské unii, TOP 09, ANO 2011, Dobrá volba 2016, SPR-Republ.str.Èsl. M.Sládka, Køes.demokr.unie-Ès.str.lid., Èeská strana národnì sociální, REALISTÉ, SPORTOVCI, Dìlnic.str.sociální spravedl., Svob.a pø.dem.-T.Okamura (SPD), Strana Práv Obèanù"
564711,Èíkovice           ,1109,564,560,"Obèanská demokratická strana, Øád národa - Vlastenecká unie, CESTA ODPOVÌDNÉ SPOLEÈNOSTI, Èeská str.sociálnì demokrat., STAROSTOVÉ A NEZÁVISLÍ, Komunistická str.Èech a Moravy, Strana zelenıch, ROZUMNÍ-stop migraci,diktát.EU, Strana svobodnıch obèanù, Blok proti islam.-Obran.domova, Obèanská demokratická aliance, Èeská pirátská strana, Referendum o Evropské unii, TOP 09, ANO 2011, Dobrá volba 2016, SPR-Republ.str.Èsl. M.Sládka, Køes.demokr.unie-Ès.str.lid., Èeská strana národnì sociální, REALISTÉ, SPORTOVCI, Dìlnic.str.sociální spravedl., Svob.a pø.dem.-T.Okamura (SPD), Strana Práv Obèanù"
564729,Dìèany              ,300,170,170,"Obèanská demokratická strana, Øád národa - Vlastenecká unie, CESTA ODPOVÌDNÉ SPOLEÈNOSTI, Èeská str.sociálnì demokrat., STAROSTOVÉ A NEZÁVISLÍ, Komunistická str.Èech a Moravy, Strana zelenıch, ROZUMNÍ-stop migraci,diktát.EU, Strana svobodnıch obèanù, Blok proti islam.-Obran.domova, Obèanská demokratická aliance, Èeská pirátská strana, Referendum o Evropské unii, TOP 09, ANO 2011, Dobrá volba 2016, SPR-Republ.str.Èsl. M.Sládka, Køes.demokr.unie-Ès.str.lid., Èeská strana národnì sociální, REALISTÉ, SPORTOVCI, Dìlnic.str.sociální spravedl., Svob.a pø.dem.-T.Okamura (SPD), Strana Práv Obèanù"
564737,Dlakovice          ,102,66,66,"Obèanská demokratická strana, Øád národa - Vlastenecká unie, CESTA ODPOVÌDNÉ SPOLEÈNOSTI, Èeská str.sociálnì demokrat., STAROSTOVÉ A NEZÁVISLÍ, Komunistická str.Èech a Moravy, Strana zelenıch, ROZUMNÍ-stop migraci,diktát.EU, Strana svobodnıch obèanù, Blok proti islam.-Obran.domova, Obèanská demokratická aliance, Èeská pirátská strana, Referendum o Evropské unii, TOP 09, ANO 2011, Dobrá volba 2016, SPR-Republ.str.Èsl. M.Sládka, Køes.demokr.unie-Ès.str.lid., Èeská strana národnì sociální, REALISTÉ, SPORTOVCI, Dìlnic.str.sociální spravedl., Svob.a pø.dem.-T.Okamura (SPD), Strana Práv Obèanù"
564745,Dobøíò              ,447,302,300,"Obèanská demokratická strana, Øád národa - Vlastenecká unie, CESTA ODPOVÌDNÉ SPOLEÈNOSTI, Èeská str.sociálnì demokrat., STAROSTOVÉ A NEZÁVISLÍ, Komunistická str.Èech a Moravy, Strana zelenıch, ROZUMNÍ-stop migraci,diktát.EU, Strana svobodnıch obèanù, Blok proti islam.-Obran.domova, Obèanská demokratická aliance, Èeská pirátská strana, Referendum o Evropské unii, TOP 09, ANO 2011, Dobrá volba 2016, SPR-Republ.str.Èsl. M.Sládka, Køes.demokr.unie-Ès.str.lid., Èeská strana národnì sociální, REALISTÉ, SPORTOVCI, Dìlnic.str.sociální spravedl., Svob.a pø.dem.-T.Okamura (SPD), Strana Práv Obèanù"
564753,Doksany             ,325,191,191,"Obèanská demokratická strana, Øád národa - Vlastenecká unie, CESTA ODPOVÌDNÉ SPOLEÈNOSTI, Èeská str.sociálnì demokrat., STAROSTOVÉ A NEZÁVISLÍ, Komunistická str.Èech a Moravy, Strana zelenıch, ROZUMNÍ-stop migraci,diktát.EU, Strana svobodnıch obèanù, Blok proti islam.-Obran.domova, Obèanská demokratická aliance, Èeská pirátská strana, Referendum o Evropské unii, TOP 09, ANO 2011, Dobrá volba 2016, SPR-Republ.str.Èsl. M.Sládka, Køes.demokr.unie-Ès.str.lid., Èeská strana národnì sociální, REALISTÉ, SPORTOVCI, Dìlnic.str.sociální spravedl., Svob.a pø.dem.-T.Okamura (SPD), Strana Práv Obèanù"
553646,Dolánky nad Ohøí    ,209,105,105,"Obèanská demokratická strana, Øád národa - Vlastenecká unie, CESTA ODPOVÌDNÉ SPOLEÈNOSTI, Èeská str.sociálnì demokrat., STAROSTOVÉ A NEZÁVISLÍ, Komunistická str.Èech a Moravy, Strana zelenıch, ROZUMNÍ-stop migraci,diktát.EU, Strana svobodnıch obèanù, Blok proti islam.-Obran.domova, Obèanská demokratická aliance, Èeská pirátská strana, Referendum o Evropské unii, TOP 09, ANO 2011, Dobrá volba 2016, SPR-Republ.str.Èsl. M.Sládka, Køes.demokr.unie-Ès.str.lid., Èeská strana národnì sociální, REALISTÉ, SPORTOVCI, Dìlnic.str.sociální spravedl., Svob.a pø.dem.-T.Okamura (SPD), Strana Práv Obèanù"
564770,Drahobuz            ,222,116,116,"Obèanská demokratická strana, Øád národa - Vlastenecká unie, CESTA ODPOVÌDNÉ SPOLEÈNOSTI, Èeská str.sociálnì demokrat., STAROSTOVÉ A NEZÁVISLÍ, Komunistická str.Èech a Moravy, Strana zelenıch, ROZUMNÍ-stop migraci,diktát.EU, Strana svobodnıch obèanù, Blok proti islam.-Obran.domova, Obèanská demokratická aliance, Èeská pirátská strana, Referendum o Evropské unii, TOP 09, ANO 2011, Dobrá volba 2016, SPR-Republ.str.Èsl. M.Sládka, Køes.demokr.unie-Ès.str.lid., Èeská strana národnì sociální, REALISTÉ, SPORTOVCI, Dìlnic.str.sociální spravedl., Svob.a pø.dem.-T.Okamura (SPD), Strana Práv Obèanù"
564818,Dušníky             ,296,178,178,"Obèanská demokratická strana, Øád národa - Vlastenecká unie, CESTA ODPOVÌDNÉ SPOLEÈNOSTI, Èeská str.sociálnì demokrat., STAROSTOVÉ A NEZÁVISLÍ, Komunistická str.Èech a Moravy, Strana zelenıch, ROZUMNÍ-stop migraci,diktát.EU, Strana svobodnıch obèanù, Blok proti islam.-Obran.domova, Obèanská demokratická aliance, Èeská pirátská strana, Referendum o Evropské unii, TOP 09, ANO 2011, Dobrá volba 2016, SPR-Republ.str.Èsl. M.Sládka, Køes.demokr.unie-Ès.str.lid., Èeská strana národnì sociální, REALISTÉ, SPORTOVCI, Dìlnic.str.sociální spravedl., Svob.a pø.dem.-T.Okamura (SPD), Strana Práv Obèanù"
564834,Evaò                ,233,129,129,"Obèanská demokratická strana, Øád národa - Vlastenecká unie, CESTA ODPOVÌDNÉ SPOLEÈNOSTI, Èeská str.sociálnì demokrat., STAROSTOVÉ A NEZÁVISLÍ, Komunistická str.Èech a Moravy, Strana zelenıch, ROZUMNÍ-stop migraci,diktát.EU, Strana svobodnıch obèanù, Blok proti islam.-Obran.domova, Obèanská demokratická aliance, Èeská pirátská strana, Referendum o Evropské unii, TOP 09, ANO 2011, Dobrá volba 2016, SPR-Republ.str.Èsl. M.Sládka, Køes.demokr.unie-Ès.str.lid., Èeská strana národnì sociální, REALISTÉ, SPORTOVCI, Dìlnic.str.sociální spravedl., Svob.a pø.dem.-T.Okamura (SPD), Strana Práv Obèanù"
564842,Hlinná              ,227,157,156,"Obèanská demokratická strana, Øád národa - Vlastenecká unie, CESTA ODPOVÌDNÉ SPOLEÈNOSTI, Èeská str.sociálnì demokrat., STAROSTOVÉ A NEZÁVISLÍ, Komunistická str.Èech a Moravy, Strana zelenıch, ROZUMNÍ-stop migraci,diktát.EU, Strana svobodnıch obèanù, Blok proti islam.-Obran.domova, Obèanská demokratická aliance, Èeská pirátská strana, Referendum o Evropské unii, TOP 09, ANO 2011, Dobrá volba 2016, SPR-Republ.str.Èsl. M.Sládka, Køes.demokr.unie-Ès.str.lid., Èeská strana národnì sociální, REALISTÉ, SPORTOVCI, Dìlnic.str.sociální spravedl., Svob.a pø.dem.-T.Okamura (SPD), Strana Práv Obèanù"
564851,Horní Beøkovice     ,758,447,445,"Obèanská demokratická strana, Øád národa - Vlastenecká unie, CESTA ODPOVÌDNÉ SPOLEÈNOSTI, Èeská str.sociálnì demokrat., STAROSTOVÉ A NEZÁVISLÍ, Komunistická str.Èech a Moravy, Strana zelenıch, ROZUMNÍ-stop migraci,diktát.EU, Strana svobodnıch obèanù, Blok proti islam.-Obran.domova, Obèanská demokratická aliance, Èeská pirátská strana, Referendum o Evropské unii, TOP 09, ANO 2011, Dobrá volba 2016, SPR-Republ.str.Èsl. M.Sládka, Køes.demokr.unie-Ès.str.lid., Èeská strana národnì sociální, REALISTÉ, SPORTOVCI, Dìlnic.str.sociální spravedl., Svob.a pø.dem.-T.Okamura (SPD), Strana Práv Obèanù"
546763,Horní Øepèice       ,79,61,61,"Obèanská demokratická strana, Øád národa - Vlastenecká unie, CESTA ODPOVÌDNÉ SPOLEÈNOSTI, Èeská str.sociálnì demokrat., STAROSTOVÉ A NEZÁVISLÍ, Komunistická str.Èech a Moravy, Strana zelenıch, ROZUMNÍ-stop migraci,diktát.EU, Strana svobodnıch obèanù, Blok proti islam.-Obran.domova, Obèanská demokratická aliance, Èeská pirátská strana, Referendum o Evropské unii, TOP 09, ANO 2011, Dobrá volba 2016, SPR-Republ.str.Èsl. M.Sládka, Køes.demokr.unie-Ès.str.lid., Èeská strana národnì sociální, REALISTÉ, SPORTOVCI, Dìlnic.str.sociální spravedl., Svob.a pø.dem.-T.Okamura (SPD), Strana Práv Obèanù"
564877,Hoštka              ,1336,843,838,"Obèanská demokratická strana, Øád národa - Vlastenecká unie, CESTA ODPOVÌDNÉ SPOLEÈNOSTI, Èeská str.sociálnì demokrat., STAROSTOVÉ A NEZÁVISLÍ, Komunistická str.Èech a Moravy, Strana zelenıch, ROZUMNÍ-stop migraci,diktát.EU, Strana svobodnıch obèanù, Blok proti islam.-Obran.domova, Obèanská demokratická aliance, Èeská pirátská strana, Referendum o Evropské unii, TOP 09, ANO 2011, Dobrá volba 2016, SPR-Republ.str.Èsl. M.Sládka, Køes.demokr.unie-Ès.str.lid., Èeská strana národnì sociální, REALISTÉ, SPORTOVCI, Dìlnic.str.sociální spravedl., Svob.a pø.dem.-T.Okamura (SPD), Strana Práv Obèanù"
564893,Hrobce              ,530,318,312,"Obèanská demokratická aliance, Èeská str.sociálnì demokrat., CESTA ODPOVÌDNÉ SPOLEÈNOSTI, Obèanská demokratická strana, Strana zelenıch, Referendum o Evropské unii, ROZUMNÍ-stop migraci,diktát.EU, Èeská strana národnì sociální, Køes.demokr.unie-Ès.str.lid., Komunistická str.Èech a Moravy, STAROSTOVÉ A NEZÁVISLÍ, Dobrá volba 2016, SPR-Republ.str.Èsl. M.Sládka, Dìlnic.str.sociální spravedl., SPORTOVCI, ANO 2011, Øád národa - Vlastenecká unie, REALISTÉ, Strana svobodnıch obèanù, Blok proti islam.-Obran.domova, TOP 09, Svob.a pø.dem.-T.Okamura (SPD), Èeská pirátská strana, Strana Práv Obèanù"
564923,Chodouny            ,539,304,302,"Obèanská demokratická aliance, Èeská str.sociálnì demokrat., CESTA ODPOVÌDNÉ SPOLEÈNOSTI, Obèanská demokratická strana, Strana zelenıch, Referendum o Evropské unii, ROZUMNÍ-stop migraci,diktát.EU, Èeská strana národnì sociální, Køes.demokr.unie-Ès.str.lid., Komunistická str.Èech a Moravy, STAROSTOVÉ A NEZÁVISLÍ, Dobrá volba 2016, SPR-Republ.str.Èsl. M.Sládka, Dìlnic.str.sociální spravedl., SPORTOVCI, ANO 2011, Øád národa - Vlastenecká unie, REALISTÉ, Strana svobodnıch obèanù, Blok proti islam.-Obran.domova, TOP 09, Svob.a pø.dem.-T.Okamura (SPD), Èeská pirátská strana, Strana Práv Obèanù"
564931,Chodovlice          ,131,104,103,"Obèanská demokratická strana, Øád národa - Vlastenecká unie, CESTA ODPOVÌDNÉ SPOLEÈNOSTI, Èeská str.sociálnì demokrat., STAROSTOVÉ A NEZÁVISLÍ, Komunistická str.Èech a Moravy, Strana zelenıch, ROZUMNÍ-stop migraci,diktát.EU, Strana svobodnıch obèanù, Blok proti islam.-Obran.domova, Obèanská demokratická aliance, Èeská pirátská strana, Referendum o Evropské unii, TOP 09, ANO 2011, Dobrá volba 2016, SPR-Republ.str.Èsl. M.Sládka, Køes.demokr.unie-Ès.str.lid., Èeská strana národnì sociální, REALISTÉ, SPORTOVCI, Dìlnic.str.sociální spravedl., Svob.a pø.dem.-T.Okamura (SPD), Strana Práv Obèanù"
564940,Chotìšov            ,386,210,207,"Obèanská demokratická strana, Øád národa - Vlastenecká unie, CESTA ODPOVÌDNÉ SPOLEÈNOSTI, Èeská str.sociálnì demokrat., STAROSTOVÉ A NEZÁVISLÍ, Komunistická str.Èech a Moravy, Strana zelenıch, ROZUMNÍ-stop migraci,diktát.EU, Strana svobodnıch obèanù, Blok proti islam.-Obran.domova, Obèanská demokratická aliance, Èeská pirátská strana, Referendum o Evropské unii, TOP 09, ANO 2011, Dobrá volba 2016, SPR-Republ.str.Èsl. M.Sládka, Køes.demokr.unie-Ès.str.lid., Èeská strana národnì sociální, REALISTÉ, SPORTOVCI, Dìlnic.str.sociální spravedl., Svob.a pø.dem.-T.Okamura (SPD), Strana Práv Obèanù"
564958,Chotimìø            ,227,140,139,"Obèanská demokratická strana, Øád národa - Vlastenecká unie, CESTA ODPOVÌDNÉ SPOLEÈNOSTI, Èeská str.sociálnì demokrat., STAROSTOVÉ A NEZÁVISLÍ, Komunistická str.Èech a Moravy, Strana zelenıch, ROZUMNÍ-stop migraci,diktát.EU, Strana svobodnıch obèanù, Blok proti islam.-Obran.domova, Obèanská demokratická aliance, Èeská pirátská strana, Referendum o Evropské unii, TOP 09, ANO 2011, Dobrá volba 2016, SPR-Republ.str.Èsl. M.Sládka, Køes.demokr.unie-Ès.str.lid., Èeská strana národnì sociální, REALISTÉ, SPORTOVCI, Dìlnic.str.sociální spravedl., Svob.a pø.dem.-T.Okamura (SPD), Strana Práv Obèanù"
564966,Chotinìves          ,169,110,110,"Obèanská demokratická strana, Øád národa - Vlastenecká unie, CESTA ODPOVÌDNÉ SPOLEÈNOSTI, Èeská str.sociálnì demokrat., STAROSTOVÉ A NEZÁVISLÍ, Komunistická str.Èech a Moravy, Strana zelenıch, ROZUMNÍ-stop migraci,diktát.EU, Strana svobodnıch obèanù, Blok proti islam.-Obran.domova, Obèanská demokratická aliance, Èeská pirátská strana, Referendum o Evropské unii, TOP 09, ANO 2011, Dobrá volba 2016, SPR-Republ.str.Èsl. M.Sládka, Køes.demokr.unie-Ès.str.lid., Èeská strana národnì sociální, REALISTÉ, SPORTOVCI, Dìlnic.str.sociální spravedl., Svob.a pø.dem.-T.Okamura (SPD), Strana Práv Obèanù"
546810,Chudoslavice        ,122,81,81,"Obèanská demokratická strana, Øád národa - Vlastenecká unie, CESTA ODPOVÌDNÉ SPOLEÈNOSTI, Èeská str.sociálnì demokrat., STAROSTOVÉ A NEZÁVISLÍ, Komunistická str.Èech a Moravy, Strana zelenıch, ROZUMNÍ-stop migraci,diktát.EU, Strana svobodnıch obèanù, Blok proti islam.-Obran.domova, Obèanská demokratická aliance, Èeská pirátská strana, Referendum o Evropské unii, TOP 09, ANO 2011, Dobrá volba 2016, SPR-Republ.str.Èsl. M.Sládka, Køes.demokr.unie-Ès.str.lid., Èeská strana národnì sociální, REALISTÉ, SPORTOVCI, Dìlnic.str.sociální spravedl., Svob.a pø.dem.-T.Okamura (SPD), Strana Práv Obèanù"
505528,Jenèice             ,287,210,210,"Obèanská demokratická strana, Øád národa - Vlastenecká unie, CESTA ODPOVÌDNÉ SPOLEÈNOSTI, Èeská str.sociálnì demokrat., STAROSTOVÉ A NEZÁVISLÍ, Komunistická str.Èech a Moravy, Strana zelenıch, ROZUMNÍ-stop migraci,diktát.EU, Strana svobodnıch obèanù, Blok proti islam.-Obran.domova, Obèanská demokratická aliance, Èeská pirátská strana, Referendum o Evropské unii, TOP 09, ANO 2011, Dobrá volba 2016, SPR-Republ.str.Èsl. M.Sládka, Køes.demokr.unie-Ès.str.lid., Èeská strana národnì sociální, REALISTÉ, SPORTOVCI, Dìlnic.str.sociální spravedl., Svob.a pø.dem.-T.Okamura (SPD), Strana Práv Obèanù"
546771,Kamık               ,130,105,105,"Obèanská demokratická strana, Øád národa - Vlastenecká unie, CESTA ODPOVÌDNÉ SPOLEÈNOSTI, Èeská str.sociálnì demokrat., STAROSTOVÉ A NEZÁVISLÍ, Komunistická str.Èech a Moravy, Strana zelenıch, ROZUMNÍ-stop migraci,diktát.EU, Strana svobodnıch obèanù, Blok proti islam.-Obran.domova, Obèanská demokratická aliance, Èeská pirátská strana, Referendum o Evropské unii, TOP 09, ANO 2011, Dobrá volba 2016, SPR-Republ.str.Èsl. M.Sládka, Køes.demokr.unie-Ès.str.lid., Èeská strana národnì sociální, REALISTÉ, SPORTOVCI, Dìlnic.str.sociální spravedl., Svob.a pø.dem.-T.Okamura (SPD), Strana Práv Obèanù"
565016,Keblice             ,300,157,155,"Obèanská demokratická strana, Øád národa - Vlastenecká unie, CESTA ODPOVÌDNÉ SPOLEÈNOSTI, Èeská str.sociálnì demokrat., STAROSTOVÉ A NEZÁVISLÍ, Komunistická str.Èech a Moravy, Strana zelenıch, ROZUMNÍ-stop migraci,diktát.EU, Strana svobodnıch obèanù, Blok proti islam.-Obran.domova, Obèanská demokratická aliance, Èeská pirátská strana, Referendum o Evropské unii, TOP 09, ANO 2011, Dobrá volba 2016, SPR-Republ.str.Èsl. M.Sládka, Køes.demokr.unie-Ès.str.lid., Èeská strana národnì sociální, REALISTÉ, SPORTOVCI, Dìlnic.str.sociální spravedl., Svob.a pø.dem.-T.Okamura (SPD), Strana Práv Obèanù"
565024,Klapı               ,402,244,241,"Obèanská demokratická strana, Øád národa - Vlastenecká unie, CESTA ODPOVÌDNÉ SPOLEÈNOSTI, Èeská str.sociálnì demokrat., STAROSTOVÉ A NEZÁVISLÍ, Komunistická str.Èech a Moravy, Strana zelenıch, ROZUMNÍ-stop migraci,diktát.EU, Strana svobodnıch obèanù, Blok proti islam.-Obran.domova, Obèanská demokratická aliance, Èeská pirátská strana, Referendum o Evropské unii, TOP 09, ANO 2011, Dobrá volba 2016, SPR-Republ.str.Èsl. M.Sládka, Køes.demokr.unie-Ès.str.lid., Èeská strana národnì sociální, REALISTÉ, SPORTOVCI, Dìlnic.str.sociální spravedl., Svob.a pø.dem.-T.Okamura (SPD), Strana Práv Obèanù"
565032,Kleneè              ,426,273,272,"Obèanská demokratická strana, Øád národa - Vlastenecká unie, CESTA ODPOVÌDNÉ SPOLEÈNOSTI, Èeská str.sociálnì demokrat., STAROSTOVÉ A NEZÁVISLÍ, Komunistická str.Èech a Moravy, Strana zelenıch, ROZUMNÍ-stop migraci,diktát.EU, Strana svobodnıch obèanù, Blok proti islam.-Obran.domova, Obèanská demokratická aliance, Èeská pirátská strana, Referendum o Evropské unii, TOP 09, ANO 2011, Dobrá volba 2016, SPR-Republ.str.Èsl. M.Sládka, Køes.demokr.unie-Ès.str.lid., Èeská strana národnì sociální, REALISTÉ, SPORTOVCI, Dìlnic.str.sociální spravedl., Svob.a pø.dem.-T.Okamura (SPD), Strana Práv Obèanù"
565059,Kostomlaty pod Øípem,367,174,174,"Obèanská demokratická strana, Øád národa - Vlastenecká unie, CESTA ODPOVÌDNÉ SPOLEÈNOSTI, Èeská str.sociálnì demokrat., STAROSTOVÉ A NEZÁVISLÍ, Komunistická str.Èech a Moravy, Strana zelenıch, ROZUMNÍ-stop migraci,diktát.EU, Strana svobodnıch obèanù, Blok proti islam.-Obran.domova, Obèanská demokratická aliance, Èeská pirátská strana, Referendum o Evropské unii, TOP 09, ANO 2011, Dobrá volba 2016, SPR-Republ.str.Èsl. M.Sládka, Køes.demokr.unie-Ès.str.lid., Èeská strana národnì sociální, REALISTÉ, SPORTOVCI, Dìlnic.str.sociální spravedl., Svob.a pø.dem.-T.Okamura (SPD), Strana Práv Obèanù"
565067,Krabèice            ,720,449,446,"Obèanská demokratická aliance, Èeská str.sociálnì demokrat., CESTA ODPOVÌDNÉ SPOLEÈNOSTI, Obèanská demokratická strana, Strana zelenıch, Referendum o Evropské unii, ROZUMNÍ-stop migraci,diktát.EU, Èeská strana národnì sociální, Køes.demokr.unie-Ès.str.lid., Komunistická str.Èech a Moravy, STAROSTOVÉ A NEZÁVISLÍ, Dobrá volba 2016, SPR-Republ.str.Èsl. M.Sládka, Dìlnic.str.sociální spravedl., SPORTOVCI, ANO 2011, Øád národa - Vlastenecká unie, REALISTÉ, Strana svobodnıch obèanù, Blok proti islam.-Obran.domova, TOP 09, Svob.a pø.dem.-T.Okamura (SPD), Èeská pirátská strana, Strana Práv Obèanù"
565075,Køesín              ,270,180,180,"Obèanská demokratická strana, Øád národa - Vlastenecká unie, CESTA ODPOVÌDNÉ SPOLEÈNOSTI, Èeská str.sociálnì demokrat., STAROSTOVÉ A NEZÁVISLÍ, Komunistická str.Èech a Moravy, Strana zelenıch, ROZUMNÍ-stop migraci,diktát.EU, Strana svobodnıch obèanù, Blok proti islam.-Obran.domova, Obèanská demokratická aliance, Èeská pirátská strana, Referendum o Evropské unii, TOP 09, ANO 2011, Dobrá volba 2016, SPR-Republ.str.Èsl. M.Sládka, Køes.demokr.unie-Ès.str.lid., Èeská strana národnì sociální, REALISTÉ, SPORTOVCI, Dìlnic.str.sociální spravedl., Svob.a pø.dem.-T.Okamura (SPD), Strana Práv Obèanù"
565083,Køešice             ,1174,673,667,"Obèanská demokratická aliance, Èeská str.sociálnì demokrat., CESTA ODPOVÌDNÉ SPOLEÈNOSTI, Obèanská demokratická strana, Strana zelenıch, Referendum o Evropské unii, ROZUMNÍ-stop migraci,diktát.EU, Èeská strana národnì sociální, Køes.demokr.unie-Ès.str.lid., Komunistická str.Èech a Moravy, STAROSTOVÉ A NEZÁVISLÍ, Dobrá volba 2016, SPR-Republ.str.Èsl. M.Sládka, Dìlnic.str.sociální spravedl., SPORTOVCI, ANO 2011, Øád národa - Vlastenecká unie, REALISTÉ, Strana svobodnıch obèanù, Blok proti islam.-Obran.domova, TOP 09, Svob.a pø.dem.-T.Okamura (SPD), Èeská pirátská strana, Strana Práv Obèanù"
565091,Kyškovice           ,235,164,164,"Obèanská demokratická strana, Øád národa - Vlastenecká unie, CESTA ODPOVÌDNÉ SPOLEÈNOSTI, Èeská str.sociálnì demokrat., STAROSTOVÉ A NEZÁVISLÍ, Komunistická str.Èech a Moravy, Strana zelenıch, ROZUMNÍ-stop migraci,diktát.EU, Strana svobodnıch obèanù, Blok proti islam.-Obran.domova, Obèanská demokratická aliance, Èeská pirátská strana, Referendum o Evropské unii, TOP 09, ANO 2011, Dobrá volba 2016, SPR-Republ.str.Èsl. M.Sládka, Køes.demokr.unie-Ès.str.lid., Èeská strana národnì sociální, REALISTÉ, SPORTOVCI, Dìlnic.str.sociální spravedl., Svob.a pø.dem.-T.Okamura (SPD), Strana Práv Obèanù"
565105,Levín               ,121,81,79,"Obèanská demokratická strana, Øád národa - Vlastenecká unie, CESTA ODPOVÌDNÉ SPOLEÈNOSTI, Èeská str.sociálnì demokrat., STAROSTOVÉ A NEZÁVISLÍ, Komunistická str.Èech a Moravy, Strana zelenıch, ROZUMNÍ-stop migraci,diktát.EU, Strana svobodnıch obèanù, Blok proti islam.-Obran.domova, Obèanská demokratická aliance, Èeská pirátská strana, Referendum o Evropské unii, TOP 09, ANO 2011, Dobrá volba 2016, SPR-Republ.str.Èsl. M.Sládka, Køes.demokr.unie-Ès.str.lid., Èeská strana národnì sociální, REALISTÉ, SPORTOVCI, Dìlnic.str.sociální spravedl., Svob.a pø.dem.-T.Okamura (SPD), Strana Práv Obèanù"
565113,Lhotka nad Labem    ,242,171,171,"Obèanská demokratická strana, Øád národa - Vlastenecká unie, CESTA ODPOVÌDNÉ SPOLEÈNOSTI, Èeská str.sociálnì demokrat., STAROSTOVÉ A NEZÁVISLÍ, Komunistická str.Èech a Moravy, Strana zelenıch, ROZUMNÍ-stop migraci,diktát.EU, Strana svobodnıch obèanù, Blok proti islam.-Obran.domova, Obèanská demokratická aliance, Èeská pirátská strana, Referendum o Evropské unii, TOP 09, ANO 2011, Dobrá volba 2016, SPR-Republ.str.Èsl. M.Sládka, Køes.demokr.unie-Ès.str.lid., Èeská strana národnì sociální, REALISTÉ, SPORTOVCI, Dìlnic.str.sociální spravedl., Svob.a pø.dem.-T.Okamura (SPD), Strana Práv Obèanù"
565121,Libìšice            ,1260,614,610,"Obèanská demokratická aliance, Èeská str.sociálnì demokrat., CESTA ODPOVÌDNÉ SPOLEÈNOSTI, Obèanská demokratická strana, Strana zelenıch, Referendum o Evropské unii, ROZUMNÍ-stop migraci,diktát.EU, Èeská strana národnì sociální, Køes.demokr.unie-Ès.str.lid., Komunistická str.Èech a Moravy, STAROSTOVÉ A NEZÁVISLÍ, Dobrá volba 2016, SPR-Republ.str.Èsl. M.Sládka, Dìlnic.str.sociální spravedl., SPORTOVCI, ANO 2011, Øád národa - Vlastenecká unie, REALISTÉ, Strana svobodnıch obèanù, Blok proti islam.-Obran.domova, TOP 09, Svob.a pø.dem.-T.Okamura (SPD), Èeská pirátská strana, Strana Práv Obèanù"
565148,Libkovice pod Øípem ,433,237,236,"Obèanská demokratická strana, Øád národa - Vlastenecká unie, CESTA ODPOVÌDNÉ SPOLEÈNOSTI, Èeská str.sociálnì demokrat., STAROSTOVÉ A NEZÁVISLÍ, Komunistická str.Èech a Moravy, Strana zelenıch, ROZUMNÍ-stop migraci,diktát.EU, Strana svobodnıch obèanù, Blok proti islam.-Obran.domova, Obèanská demokratická aliance, Èeská pirátská strana, Referendum o Evropské unii, TOP 09, ANO 2011, Dobrá volba 2016, SPR-Republ.str.Èsl. M.Sládka, Køes.demokr.unie-Ès.str.lid., Èeská strana národnì sociální, REALISTÉ, SPORTOVCI, Dìlnic.str.sociální spravedl., Svob.a pø.dem.-T.Okamura (SPD), Strana Práv Obèanù"
565156,Libochovany         ,464,270,269,"Obèanská demokratická strana, Øád národa - Vlastenecká unie, CESTA ODPOVÌDNÉ SPOLEÈNOSTI, Èeská str.sociálnì demokrat., STAROSTOVÉ A NEZÁVISLÍ, Komunistická str.Èech a Moravy, Strana zelenıch, ROZUMNÍ-stop migraci,diktát.EU, Strana svobodnıch obèanù, Blok proti islam.-Obran.domova, Obèanská demokratická aliance, Èeská pirátská strana, Referendum o Evropské unii, TOP 09, ANO 2011, Dobrá volba 2016, SPR-Republ.str.Èsl. M.Sládka, Køes.demokr.unie-Ès.str.lid., Èeská strana národnì sociální, REALISTÉ, SPORTOVCI, Dìlnic.str.sociální spravedl., Svob.a pø.dem.-T.Okamura (SPD), Strana Práv Obèanù"
565164,Libochovice         ,2867,1589,1580,"Obèanská demokratická aliance, Èeská str.sociálnì demokrat., CESTA ODPOVÌDNÉ SPOLEÈNOSTI, Obèanská demokratická strana, Strana zelenıch, Referendum o Evropské unii, ROZUMNÍ-stop migraci,diktát.EU, Èeská strana národnì sociální, Køes.demokr.unie-Ès.str.lid., Komunistická str.Èech a Moravy, STAROSTOVÉ A NEZÁVISLÍ, Dobrá volba 2016, SPR-Republ.str.Èsl. M.Sládka, Dìlnic.str.sociální spravedl., SPORTOVCI, ANO 2011, Øád národa - Vlastenecká unie, REALISTÉ, Strana svobodnıch obèanù, Blok proti islam.-Obran.domova, TOP 09, Svob.a pø.dem.-T.Okamura (SPD), Èeská pirátská strana, Strana Práv Obèanù"
565172,Libotenice          ,340,238,237,"Obèanská demokratická strana, Øád národa - Vlastenecká unie, CESTA ODPOVÌDNÉ SPOLEÈNOSTI, Èeská str.sociálnì demokrat., STAROSTOVÉ A NEZÁVISLÍ, Komunistická str.Èech a Moravy, Strana zelenıch, ROZUMNÍ-stop migraci,diktát.EU, Strana svobodnıch obèanù, Blok proti islam.-Obran.domova, Obèanská demokratická aliance, Èeská pirátská strana, Referendum o Evropské unii, TOP 09, ANO 2011, Dobrá volba 2016, SPR-Republ.str.Èsl. M.Sládka, Køes.demokr.unie-Ès.str.lid., Èeská strana národnì sociální, REALISTÉ, SPORTOVCI, Dìlnic.str.sociální spravedl., Svob.a pø.dem.-T.Okamura (SPD), Strana Práv Obèanù"
564567,Litomìøice          ,19203,11734,11660,"Obèanská demokratická aliance, Èeská str.sociálnì demokrat., CESTA ODPOVÌDNÉ SPOLEÈNOSTI, Obèanská demokratická strana, Strana zelenıch, Referendum o Evropské unii, ROZUMNÍ-stop migraci,diktát.EU, Èeská strana národnì sociální, Køes.demokr.unie-Ès.str.lid., Komunistická str.Èech a Moravy, STAROSTOVÉ A NEZÁVISLÍ, Dobrá volba 2016, SPR-Republ.str.Èsl. M.Sládka, Dìlnic.str.sociální spravedl., SPORTOVCI, ANO 2011, Øád národa - Vlastenecká unie, REALISTÉ, Strana svobodnıch obèanù, Blok proti islam.-Obran.domova, TOP 09, Svob.a pø.dem.-T.Okamura (SPD), Èeská pirátská strana, Strana Práv Obèanù"
546691,Lkáò                ,144,80,80,"Obèanská demokratická strana, Øád národa - Vlastenecká unie, CESTA ODPOVÌDNÉ SPOLEÈNOSTI, Èeská str.sociálnì demokrat., STAROSTOVÉ A NEZÁVISLÍ, Komunistická str.Èech a Moravy, Strana zelenıch, ROZUMNÍ-stop migraci,diktát.EU, Strana svobodnıch obèanù, Blok proti islam.-Obran.domova, Obèanská demokratická aliance, Èeská pirátská strana, Referendum o Evropské unii, TOP 09, ANO 2011, Dobrá volba 2016, SPR-Republ.str.Èsl. M.Sládka, Køes.demokr.unie-Ès.str.lid., Èeská strana národnì sociální, REALISTÉ, SPORTOVCI, Dìlnic.str.sociální spravedl., Svob.a pø.dem.-T.Okamura (SPD), Strana Práv Obèanù"
565211,Loveèkovice         ,474,301,301,"Obèanská demokratická strana, Øád národa - Vlastenecká unie, CESTA ODPOVÌDNÉ SPOLEÈNOSTI, Èeská str.sociálnì demokrat., STAROSTOVÉ A NEZÁVISLÍ, Komunistická str.Èech a Moravy, Strana zelenıch, ROZUMNÍ-stop migraci,diktát.EU, Strana svobodnıch obèanù, Blok proti islam.-Obran.domova, Obèanská demokratická aliance, Èeská pirátská strana, Referendum o Evropské unii, TOP 09, ANO 2011, Dobrá volba 2016, SPR-Republ.str.Èsl. M.Sládka, Køes.demokr.unie-Ès.str.lid., Èeská strana národnì sociální, REALISTÉ, SPORTOVCI, Dìlnic.str.sociální spravedl., Svob.a pø.dem.-T.Okamura (SPD), Strana Práv Obèanù"
565229,Lovosice            ,7078,3871,3851,"Obèanská demokratická aliance, Èeská str.sociálnì demokrat., CESTA ODPOVÌDNÉ SPOLEÈNOSTI, Obèanská demokratická strana, Strana zelenıch, Referendum o Evropské unii, ROZUMNÍ-stop migraci,diktát.EU, Èeská strana národnì sociální, Køes.demokr.unie-Ès.str.lid., Komunistická str.Èech a Moravy, STAROSTOVÉ A NEZÁVISLÍ, Dobrá volba 2016, SPR-Republ.str.Èsl. M.Sládka, Dìlnic.str.sociální spravedl., SPORTOVCI, ANO 2011, Øád národa - Vlastenecká unie, REALISTÉ, Strana svobodnıch obèanù, Blok proti islam.-Obran.domova, TOP 09, Svob.a pø.dem.-T.Okamura (SPD), Èeská pirátská strana, Strana Práv Obèanù"
565237,Lukavec             ,283,160,158,"Obèanská demokratická strana, Øád národa - Vlastenecká unie, CESTA ODPOVÌDNÉ SPOLEÈNOSTI, Èeská str.sociálnì demokrat., STAROSTOVÉ A NEZÁVISLÍ, Komunistická str.Èech a Moravy, Strana zelenıch, ROZUMNÍ-stop migraci,diktát.EU, Strana svobodnıch obèanù, Blok proti islam.-Obran.domova, Obèanská demokratická aliance, Èeská pirátská strana, Referendum o Evropské unii, TOP 09, ANO 2011, Dobrá volba 2016, SPR-Republ.str.Èsl. M.Sládka, Køes.demokr.unie-Ès.str.lid., Èeská strana národnì sociální, REALISTÉ, SPORTOVCI, Dìlnic.str.sociální spravedl., Svob.a pø.dem.-T.Okamura (SPD), Strana Práv Obèanù"
565245,Malé ernoseky      ,585,405,403,"Obèanská demokratická strana, Øád národa - Vlastenecká unie, CESTA ODPOVÌDNÉ SPOLEÈNOSTI, Èeská str.sociálnì demokrat., STAROSTOVÉ A NEZÁVISLÍ, Komunistická str.Èech a Moravy, Strana zelenıch, ROZUMNÍ-stop migraci,diktát.EU, Strana svobodnıch obèanù, Blok proti islam.-Obran.domova, Obèanská demokratická aliance, Èeská pirátská strana, Referendum o Evropské unii, TOP 09, ANO 2011, Dobrá volba 2016, SPR-Republ.str.Èsl. M.Sládka, Køes.demokr.unie-Ès.str.lid., Èeská strana národnì sociální, REALISTÉ, SPORTOVCI, Dìlnic.str.sociální spravedl., Svob.a pø.dem.-T.Okamura (SPD), Strana Práv Obèanù"
542491,Malíè               ,165,100,100,"Obèanská demokratická strana, Øád národa - Vlastenecká unie, CESTA ODPOVÌDNÉ SPOLEÈNOSTI, Èeská str.sociálnì demokrat., STAROSTOVÉ A NEZÁVISLÍ, Komunistická str.Èech a Moravy, Strana zelenıch, ROZUMNÍ-stop migraci,diktát.EU, Strana svobodnıch obèanù, Blok proti islam.-Obran.domova, Obèanská demokratická aliance, Èeská pirátská strana, Referendum o Evropské unii, TOP 09, ANO 2011, Dobrá volba 2016, SPR-Republ.str.Èsl. M.Sládka, Køes.demokr.unie-Ès.str.lid., Èeská strana národnì sociální, REALISTÉ, SPORTOVCI, Dìlnic.str.sociální spravedl., Svob.a pø.dem.-T.Okamura (SPD), Strana Práv Obèanù"
565253,Martinìves          ,625,389,387,"Obèanská demokratická aliance, Èeská str.sociálnì demokrat., CESTA ODPOVÌDNÉ SPOLEÈNOSTI, Obèanská demokratická strana, Strana zelenıch, Referendum o Evropské unii, ROZUMNÍ-stop migraci,diktát.EU, Èeská strana národnì sociální, Køes.demokr.unie-Ès.str.lid., Komunistická str.Èech a Moravy, STAROSTOVÉ A NEZÁVISLÍ, Dobrá volba 2016, SPR-Republ.str.Èsl. M.Sládka, Dìlnic.str.sociální spravedl., SPORTOVCI, ANO 2011, Øád národa - Vlastenecká unie, REALISTÉ, Strana svobodnıch obèanù, Blok proti islam.-Obran.domova, TOP 09, Svob.a pø.dem.-T.Okamura (SPD), Èeská pirátská strana, Strana Práv Obèanù"
542521,Michalovice         ,124,91,88,"Obèanská demokratická strana, Øád národa - Vlastenecká unie, CESTA ODPOVÌDNÉ SPOLEÈNOSTI, Èeská str.sociálnì demokrat., STAROSTOVÉ A NEZÁVISLÍ, Komunistická str.Èech a Moravy, Strana zelenıch, ROZUMNÍ-stop migraci,diktát.EU, Strana svobodnıch obèanù, Blok proti islam.-Obran.domova, Obèanská demokratická aliance, Èeská pirátská strana, Referendum o Evropské unii, TOP 09, ANO 2011, Dobrá volba 2016, SPR-Republ.str.Èsl. M.Sládka, Køes.demokr.unie-Ès.str.lid., Èeská strana národnì sociální, REALISTÉ, SPORTOVCI, Dìlnic.str.sociální spravedl., Svob.a pø.dem.-T.Okamura (SPD), Strana Práv Obèanù"
530506,Miøejovice          ,176,115,114,"Obèanská demokratická strana, Øád národa - Vlastenecká unie, CESTA ODPOVÌDNÉ SPOLEÈNOSTI, Èeská str.sociálnì demokrat., STAROSTOVÉ A NEZÁVISLÍ, Komunistická str.Èech a Moravy, Strana zelenıch, ROZUMNÍ-stop migraci,diktát.EU, Strana svobodnıch obèanù, Blok proti islam.-Obran.domova, Obèanská demokratická aliance, Èeská pirátská strana, Referendum o Evropské unii, TOP 09, ANO 2011, Dobrá volba 2016, SPR-Republ.str.Èsl. M.Sládka, Køes.demokr.unie-Ès.str.lid., Èeská strana národnì sociální, REALISTÉ, SPORTOVCI, Dìlnic.str.sociální spravedl., Svob.a pø.dem.-T.Okamura (SPD), Strana Práv Obèanù"
565296,Mlékojedy           ,176,84,82,"Obèanská demokratická strana, Øád národa - Vlastenecká unie, CESTA ODPOVÌDNÉ SPOLEÈNOSTI, Èeská str.sociálnì demokrat., STAROSTOVÉ A NEZÁVISLÍ, Komunistická str.Èech a Moravy, Strana zelenıch, ROZUMNÍ-stop migraci,diktát.EU, Strana svobodnıch obèanù, Blok proti islam.-Obran.domova, Obèanská demokratická aliance, Èeská pirátská strana, Referendum o Evropské unii, TOP 09, ANO 2011, Dobrá volba 2016, SPR-Republ.str.Èsl. M.Sládka, Køes.demokr.unie-Ès.str.lid., Èeská strana národnì sociální, REALISTÉ, SPORTOVCI, Dìlnic.str.sociální spravedl., Svob.a pø.dem.-T.Okamura (SPD), Strana Práv Obèanù"
565300,Mnetìš              ,443,314,313,"Obèanská demokratická strana, Øád národa - Vlastenecká unie, CESTA ODPOVÌDNÉ SPOLEÈNOSTI, Èeská str.sociálnì demokrat., STAROSTOVÉ A NEZÁVISLÍ, Komunistická str.Èech a Moravy, Strana zelenıch, ROZUMNÍ-stop migraci,diktát.EU, Strana svobodnıch obèanù, Blok proti islam.-Obran.domova, Obèanská demokratická aliance, Èeská pirátská strana, Referendum o Evropské unii, TOP 09, ANO 2011, Dobrá volba 2016, SPR-Republ.str.Èsl. M.Sládka, Køes.demokr.unie-Ès.str.lid., Èeská strana národnì sociální, REALISTÉ, SPORTOVCI, Dìlnic.str.sociální spravedl., Svob.a pø.dem.-T.Okamura (SPD), Strana Práv Obèanù"
565318,Mšené-láznì         ,1441,869,868,"Obèanská demokratická aliance, Èeská str.sociálnì demokrat., CESTA ODPOVÌDNÉ SPOLEÈNOSTI, Obèanská demokratická strana, Strana zelenıch, Referendum o Evropské unii, ROZUMNÍ-stop migraci,diktát.EU, Èeská strana národnì sociální, Køes.demokr.unie-Ès.str.lid., Komunistická str.Èech a Moravy, STAROSTOVÉ A NEZÁVISLÍ, Dobrá volba 2016, SPR-Republ.str.Èsl. M.Sládka, Dìlnic.str.sociální spravedl., SPORTOVCI, ANO 2011, Øád národa - Vlastenecká unie, REALISTÉ, Strana svobodnıch obèanù, Blok proti islam.-Obran.domova, TOP 09, Svob.a pø.dem.-T.Okamura (SPD), Èeská pirátská strana, Strana Práv Obèanù"
565342,Nové Dvory          ,328,200,198,"Obèanská demokratická aliance, Èeská str.sociálnì demokrat., CESTA ODPOVÌDNÉ SPOLEÈNOSTI, Obèanská demokratická strana, Strana zelenıch, Referendum o Evropské unii, ROZUMNÍ-stop migraci,diktát.EU, Èeská strana národnì sociální, Køes.demokr.unie-Ès.str.lid., Komunistická str.Èech a Moravy, STAROSTOVÉ A NEZÁVISLÍ, Dobrá volba 2016, SPR-Republ.str.Èsl. M.Sládka, Dìlnic.str.sociální spravedl., SPORTOVCI, ANO 2011, Øád národa - Vlastenecká unie, REALISTÉ, Strana svobodnıch obèanù, Blok proti islam.-Obran.domova, TOP 09, Svob.a pø.dem.-T.Okamura (SPD), Èeská pirátská strana, Strana Práv Obèanù"
542440,Oleško              ,77,49,49,"Obèanská demokratická strana, Øád národa - Vlastenecká unie, CESTA ODPOVÌDNÉ SPOLEÈNOSTI, Èeská str.sociálnì demokrat., STAROSTOVÉ A NEZÁVISLÍ, Komunistická str.Èech a Moravy, Strana zelenıch, ROZUMNÍ-stop migraci,diktát.EU, Strana svobodnıch obèanù, Blok proti islam.-Obran.domova, Obèanská demokratická aliance, Èeská pirátská strana, Referendum o Evropské unii, TOP 09, ANO 2011, Dobrá volba 2016, SPR-Republ.str.Èsl. M.Sládka, Køes.demokr.unie-Ès.str.lid., Èeská strana národnì sociální, REALISTÉ, SPORTOVCI, Dìlnic.str.sociální spravedl., Svob.a pø.dem.-T.Okamura (SPD), Strana Práv Obèanù"
542539,Píšany             ,178,110,110,"Obèanská demokratická strana, Øád národa - Vlastenecká unie, CESTA ODPOVÌDNÉ SPOLEÈNOSTI, Èeská str.sociálnì demokrat., STAROSTOVÉ A NEZÁVISLÍ, Komunistická str.Èech a Moravy, Strana zelenıch, ROZUMNÍ-stop migraci,diktát.EU, Strana svobodnıch obèanù, Blok proti islam.-Obran.domova, Obèanská demokratická aliance, Èeská pirátská strana, Referendum o Evropské unii, TOP 09, ANO 2011, Dobrá volba 2016, SPR-Republ.str.Èsl. M.Sládka, Køes.demokr.unie-Ès.str.lid., Èeská strana národnì sociální, REALISTÉ, SPORTOVCI, Dìlnic.str.sociální spravedl., Svob.a pø.dem.-T.Okamura (SPD), Strana Práv Obèanù"
565393,Ploskovice          ,354,217,215,"Obèanská demokratická strana, Øád národa - Vlastenecká unie, CESTA ODPOVÌDNÉ SPOLEÈNOSTI, Èeská str.sociálnì demokrat., STAROSTOVÉ A NEZÁVISLÍ, Komunistická str.Èech a Moravy, Strana zelenıch, ROZUMNÍ-stop migraci,diktát.EU, Strana svobodnıch obèanù, Blok proti islam.-Obran.domova, Obèanská demokratická aliance, Èeská pirátská strana, Referendum o Evropské unii, TOP 09, ANO 2011, Dobrá volba 2016, SPR-Republ.str.Èsl. M.Sládka, Køes.demokr.unie-Ès.str.lid., Èeská strana národnì sociální, REALISTÉ, SPORTOVCI, Dìlnic.str.sociální spravedl., Svob.a pø.dem.-T.Okamura (SPD), Strana Práv Obèanù"
565415,Podsedice           ,531,368,367,"Obèanská demokratická aliance, Èeská str.sociálnì demokrat., CESTA ODPOVÌDNÉ SPOLEÈNOSTI, Obèanská demokratická strana, Strana zelenıch, Referendum o Evropské unii, ROZUMNÍ-stop migraci,diktát.EU, Èeská strana národnì sociální, Køes.demokr.unie-Ès.str.lid., Komunistická str.Èech a Moravy, STAROSTOVÉ A NEZÁVISLÍ, Dobrá volba 2016, SPR-Republ.str.Èsl. M.Sládka, Dìlnic.str.sociální spravedl., SPORTOVCI, ANO 2011, Øád národa - Vlastenecká unie, REALISTÉ, Strana svobodnıch obèanù, Blok proti islam.-Obran.domova, TOP 09, Svob.a pø.dem.-T.Okamura (SPD), Èeská pirátská strana, Strana Práv Obèanù"
565431,Polepy              ,1073,610,599,"Obèanská demokratická strana, Øád národa - Vlastenecká unie, CESTA ODPOVÌDNÉ SPOLEÈNOSTI, Èeská str.sociálnì demokrat., STAROSTOVÉ A NEZÁVISLÍ, Komunistická str.Èech a Moravy, Strana zelenıch, ROZUMNÍ-stop migraci,diktát.EU, Strana svobodnıch obèanù, Blok proti islam.-Obran.domova, Obèanská demokratická aliance, Èeská pirátská strana, Referendum o Evropské unii, TOP 09, ANO 2011, Dobrá volba 2016, SPR-Republ.str.Èsl. M.Sládka, Køes.demokr.unie-Ès.str.lid., Èeská strana národnì sociální, REALISTÉ, SPORTOVCI, Dìlnic.str.sociální spravedl., Svob.a pø.dem.-T.Okamura (SPD), Strana Práv Obèanù"
565458,Prackovice nad Labem,528,322,319,"Obèanská demokratická aliance, Èeská str.sociálnì demokrat., CESTA ODPOVÌDNÉ SPOLEÈNOSTI, Obèanská demokratická strana, Strana zelenıch, Referendum o Evropské unii, ROZUMNÍ-stop migraci,diktát.EU, Èeská strana národnì sociální, Køes.demokr.unie-Ès.str.lid., Komunistická str.Èech a Moravy, STAROSTOVÉ A NEZÁVISLÍ, Dobrá volba 2016, SPR-Republ.str.Èsl. M.Sládka, Dìlnic.str.sociální spravedl., SPORTOVCI, ANO 2011, Øád národa - Vlastenecká unie, REALISTÉ, Strana svobodnıch obèanù, Blok proti islam.-Obran.domova, TOP 09, Svob.a pø.dem.-T.Okamura (SPD), Èeská pirátská strana, Strana Práv Obèanù"
565474,Pøestavlky          ,207,146,146,"Obèanská demokratická strana, Øád národa - Vlastenecká unie, CESTA ODPOVÌDNÉ SPOLEÈNOSTI, Èeská str.sociálnì demokrat., STAROSTOVÉ A NEZÁVISLÍ, Komunistická str.Èech a Moravy, Strana zelenıch, ROZUMNÍ-stop migraci,diktát.EU, Strana svobodnıch obèanù, Blok proti islam.-Obran.domova, Obèanská demokratická aliance, Èeská pirátská strana, Referendum o Evropské unii, TOP 09, ANO 2011, Dobrá volba 2016, SPR-Republ.str.Èsl. M.Sládka, Køes.demokr.unie-Ès.str.lid., Èeská strana národnì sociální, REALISTÉ, SPORTOVCI, Dìlnic.str.sociální spravedl., Svob.a pø.dem.-T.Okamura (SPD), Strana Práv Obèanù"
565482,Raèice              ,276,194,194,"Obèanská demokratická strana, Øád národa - Vlastenecká unie, CESTA ODPOVÌDNÉ SPOLEÈNOSTI, Èeská str.sociálnì demokrat., STAROSTOVÉ A NEZÁVISLÍ, Komunistická str.Èech a Moravy, Strana zelenıch, ROZUMNÍ-stop migraci,diktát.EU, Strana svobodnıch obèanù, Blok proti islam.-Obran.domova, Obèanská demokratická aliance, Èeská pirátská strana, Referendum o Evropské unii, TOP 09, ANO 2011, Dobrá volba 2016, SPR-Republ.str.Èsl. M.Sládka, Køes.demokr.unie-Ès.str.lid., Èeská strana národnì sociální, REALISTÉ, SPORTOVCI, Dìlnic.str.sociální spravedl., Svob.a pø.dem.-T.Okamura (SPD), Strana Práv Obèanù"
565491,Raèinìves           ,430,238,235,"Obèanská demokratická strana, Øád národa - Vlastenecká unie, CESTA ODPOVÌDNÉ SPOLEÈNOSTI, Èeská str.sociálnì demokrat., STAROSTOVÉ A NEZÁVISLÍ, Komunistická str.Èech a Moravy, Strana zelenıch, ROZUMNÍ-stop migraci,diktát.EU, Strana svobodnıch obèanù, Blok proti islam.-Obran.domova, Obèanská demokratická aliance, Èeská pirátská strana, Referendum o Evropské unii, TOP 09, ANO 2011, Dobrá volba 2016, SPR-Republ.str.Èsl. M.Sládka, Køes.demokr.unie-Ès.str.lid., Èeská strana národnì sociální, REALISTÉ, SPORTOVCI, Dìlnic.str.sociální spravedl., Svob.a pø.dem.-T.Okamura (SPD), Strana Práv Obèanù"
565521,Radovesice          ,381,219,217,"Obèanská demokratická strana, Øád národa - Vlastenecká unie, CESTA ODPOVÌDNÉ SPOLEÈNOSTI, Èeská str.sociálnì demokrat., STAROSTOVÉ A NEZÁVISLÍ, Komunistická str.Èech a Moravy, Strana zelenıch, ROZUMNÍ-stop migraci,diktát.EU, Strana svobodnıch obèanù, Blok proti islam.-Obran.domova, Obèanská demokratická aliance, Èeská pirátská strana, Referendum o Evropské unii, TOP 09, ANO 2011, Dobrá volba 2016, SPR-Republ.str.Èsl. M.Sládka, Køes.demokr.unie-Ès.str.lid., Èeská strana národnì sociální, REALISTÉ, SPORTOVCI, Dìlnic.str.sociální spravedl., Svob.a pø.dem.-T.Okamura (SPD), Strana Práv Obèanù"
565547,Rochov              ,86,58,58,"Obèanská demokratická strana, Øád národa - Vlastenecká unie, CESTA ODPOVÌDNÉ SPOLEÈNOSTI, Èeská str.sociálnì demokrat., STAROSTOVÉ A NEZÁVISLÍ, Komunistická str.Èech a Moravy, Strana zelenıch, ROZUMNÍ-stop migraci,diktát.EU, Strana svobodnıch obèanù, Blok proti islam.-Obran.domova, Obèanská demokratická aliance, Èeská pirátská strana, Referendum o Evropské unii, TOP 09, ANO 2011, Dobrá volba 2016, SPR-Republ.str.Èsl. M.Sládka, Køes.demokr.unie-Ès.str.lid., Èeská strana národnì sociální, REALISTÉ, SPORTOVCI, Dìlnic.str.sociální spravedl., Svob.a pø.dem.-T.Okamura (SPD), Strana Práv Obèanù"
565555,Roudnice nad Labem  ,10057,6003,5973,"Obèanská demokratická aliance, Èeská str.sociálnì demokrat., CESTA ODPOVÌDNÉ SPOLEÈNOSTI, Obèanská demokratická strana, Strana zelenıch, Referendum o Evropské unii, ROZUMNÍ-stop migraci,diktát.EU, Èeská strana národnì sociální, Køes.demokr.unie-Ès.str.lid., Komunistická str.Èech a Moravy, STAROSTOVÉ A NEZÁVISLÍ, Dobrá volba 2016, SPR-Republ.str.Èsl. M.Sládka, Dìlnic.str.sociální spravedl., SPORTOVCI, ANO 2011, Øád národa - Vlastenecká unie, REALISTÉ, Strana svobodnıch obèanù, Blok proti islam.-Obran.domova, TOP 09, Svob.a pø.dem.-T.Okamura (SPD), Èeská pirátská strana, Strana Práv Obèanù"
546721,Sedlec              ,171,105,105,"Obèanská demokratická strana, Øád národa - Vlastenecká unie, CESTA ODPOVÌDNÉ SPOLEÈNOSTI, Èeská str.sociálnì demokrat., STAROSTOVÉ A NEZÁVISLÍ, Komunistická str.Èech a Moravy, Strana zelenıch, ROZUMNÍ-stop migraci,diktát.EU, Strana svobodnıch obèanù, Blok proti islam.-Obran.domova, Obèanská demokratická aliance, Èeská pirátská strana, Referendum o Evropské unii, TOP 09, ANO 2011, Dobrá volba 2016, SPR-Republ.str.Èsl. M.Sládka, Køes.demokr.unie-Ès.str.lid., Èeská strana národnì sociální, REALISTÉ, SPORTOVCI, Dìlnic.str.sociální spravedl., Svob.a pø.dem.-T.Okamura (SPD), Strana Práv Obèanù"
565598,Siøejovice          ,233,144,142,"Obèanská demokratická strana, Øád národa - Vlastenecká unie, CESTA ODPOVÌDNÉ SPOLEÈNOSTI, Èeská str.sociálnì demokrat., STAROSTOVÉ A NEZÁVISLÍ, Komunistická str.Èech a Moravy, Strana zelenıch, ROZUMNÍ-stop migraci,diktát.EU, Strana svobodnıch obèanù, Blok proti islam.-Obran.domova, Obèanská demokratická aliance, Èeská pirátská strana, Referendum o Evropské unii, TOP 09, ANO 2011, Dobrá volba 2016, SPR-Republ.str.Èsl. M.Sládka, Køes.demokr.unie-Ès.str.lid., Èeská strana národnì sociální, REALISTÉ, SPORTOVCI, Dìlnic.str.sociální spravedl., Svob.a pø.dem.-T.Okamura (SPD), Strana Práv Obèanù"
565601,Slatina             ,217,132,129,"Obèanská demokratická strana, Øád národa - Vlastenecká unie, CESTA ODPOVÌDNÉ SPOLEÈNOSTI, Èeská str.sociálnì demokrat., STAROSTOVÉ A NEZÁVISLÍ, Komunistická str.Èech a Moravy, Strana zelenıch, ROZUMNÍ-stop migraci,diktát.EU, Strana svobodnıch obèanù, Blok proti islam.-Obran.domova, Obèanská demokratická aliance, Èeská pirátská strana, Referendum o Evropské unii, TOP 09, ANO 2011, Dobrá volba 2016, SPR-Republ.str.Èsl. M.Sládka, Køes.demokr.unie-Ès.str.lid., Èeská strana národnì sociální, REALISTÉ, SPORTOVCI, Dìlnic.str.sociální spravedl., Svob.a pø.dem.-T.Okamura (SPD), Strana Práv Obèanù"
565610,Snìdovice           ,653,335,334,"Obèanská demokratická aliance, Èeská str.sociálnì demokrat., CESTA ODPOVÌDNÉ SPOLEÈNOSTI, Obèanská demokratická strana, Strana zelenıch, Referendum o Evropské unii, ROZUMNÍ-stop migraci,diktát.EU, Èeská strana národnì sociální, Køes.demokr.unie-Ès.str.lid., Komunistická str.Èech a Moravy, STAROSTOVÉ A NEZÁVISLÍ, Dobrá volba 2016, SPR-Republ.str.Èsl. M.Sládka, Dìlnic.str.sociální spravedl., SPORTOVCI, ANO 2011, Øád národa - Vlastenecká unie, REALISTÉ, Strana svobodnıch obèanù, Blok proti islam.-Obran.domova, TOP 09, Svob.a pø.dem.-T.Okamura (SPD), Èeská pirátská strana, Strana Práv Obèanù"
546828,Staòkovice          ,41,27,27,"Obèanská demokratická strana, Øád národa - Vlastenecká unie, CESTA ODPOVÌDNÉ SPOLEÈNOSTI, Èeská str.sociálnì demokrat., STAROSTOVÉ A NEZÁVISLÍ, Komunistická str.Èech a Moravy, Strana zelenıch, ROZUMNÍ-stop migraci,diktát.EU, Strana svobodnıch obèanù, Blok proti islam.-Obran.domova, Obèanská demokratická aliance, Èeská pirátská strana, Referendum o Evropské unii, TOP 09, ANO 2011, Dobrá volba 2016, SPR-Republ.str.Èsl. M.Sládka, Køes.demokr.unie-Ès.str.lid., Èeská strana národnì sociální, REALISTÉ, SPORTOVCI, Dìlnic.str.sociální spravedl., Svob.a pø.dem.-T.Okamura (SPD), Strana Práv Obèanù"
565679,Straškov-Vodochody  ,837,526,521,"Obèanská demokratická strana, Øád národa - Vlastenecká unie, CESTA ODPOVÌDNÉ SPOLEÈNOSTI, Èeská str.sociálnì demokrat., STAROSTOVÉ A NEZÁVISLÍ, Komunistická str.Èech a Moravy, Strana zelenıch, ROZUMNÍ-stop migraci,diktát.EU, Strana svobodnıch obèanù, Blok proti islam.-Obran.domova, Obèanská demokratická aliance, Èeská pirátská strana, Referendum o Evropské unii, TOP 09, ANO 2011, Dobrá volba 2016, SPR-Republ.str.Èsl. M.Sládka, Køes.demokr.unie-Ès.str.lid., Èeská strana národnì sociální, REALISTÉ, SPORTOVCI, Dìlnic.str.sociální spravedl., Svob.a pø.dem.-T.Okamura (SPD), Strana Práv Obèanù"
565695,Sulejovice          ,579,371,367,"Obèanská demokratická strana, Øád národa - Vlastenecká unie, CESTA ODPOVÌDNÉ SPOLEÈNOSTI, Èeská str.sociálnì demokrat., STAROSTOVÉ A NEZÁVISLÍ, Komunistická str.Èech a Moravy, Strana zelenıch, ROZUMNÍ-stop migraci,diktát.EU, Strana svobodnıch obèanù, Blok proti islam.-Obran.domova, Obèanská demokratická aliance, Èeská pirátská strana, Referendum o Evropské unii, TOP 09, ANO 2011, Dobrá volba 2016, SPR-Republ.str.Èsl. M.Sládka, Køes.demokr.unie-Ès.str.lid., Èeská strana národnì sociální, REALISTÉ, SPORTOVCI, Dìlnic.str.sociální spravedl., Svob.a pø.dem.-T.Okamura (SPD), Strana Práv Obèanù"
565709,Štìtí               ,6958,3618,3585,"Obèanská demokratická aliance, Èeská str.sociálnì demokrat., CESTA ODPOVÌDNÉ SPOLEÈNOSTI, Obèanská demokratická strana, Strana zelenıch, Referendum o Evropské unii, ROZUMNÍ-stop migraci,diktát.EU, Èeská strana národnì sociální, Køes.demokr.unie-Ès.str.lid., Komunistická str.Èech a Moravy, STAROSTOVÉ A NEZÁVISLÍ, Dobrá volba 2016, SPR-Republ.str.Èsl. M.Sládka, Dìlnic.str.sociální spravedl., SPORTOVCI, ANO 2011, Øád národa - Vlastenecká unie, REALISTÉ, Strana svobodnıch obèanù, Blok proti islam.-Obran.domova, TOP 09, Svob.a pø.dem.-T.Okamura (SPD), Èeská pirátská strana, Strana Práv Obèanù"
565717,Terezín             ,2377,1385,1379,"Obèanská demokratická aliance, Èeská str.sociálnì demokrat., CESTA ODPOVÌDNÉ SPOLEÈNOSTI, Obèanská demokratická strana, Strana zelenıch, Referendum o Evropské unii, ROZUMNÍ-stop migraci,diktát.EU, Èeská strana národnì sociální, Køes.demokr.unie-Ès.str.lid., Komunistická str.Èech a Moravy, STAROSTOVÉ A NEZÁVISLÍ, Dobrá volba 2016, SPR-Republ.str.Èsl. M.Sládka, Dìlnic.str.sociální spravedl., SPORTOVCI, ANO 2011, Øád národa - Vlastenecká unie, REALISTÉ, Strana svobodnıch obèanù, Blok proti islam.-Obran.domova, TOP 09, Svob.a pø.dem.-T.Okamura (SPD), Èeská pirátská strana, Strana Práv Obèanù"
565741,Travèice            ,509,331,330,"Obèanská demokratická strana, Øád národa - Vlastenecká unie, CESTA ODPOVÌDNÉ SPOLEÈNOSTI, Èeská str.sociálnì demokrat., STAROSTOVÉ A NEZÁVISLÍ, Komunistická str.Èech a Moravy, Strana zelenıch, ROZUMNÍ-stop migraci,diktát.EU, Strana svobodnıch obèanù, Blok proti islam.-Obran.domova, Obèanská demokratická aliance, Èeská pirátská strana, Referendum o Evropské unii, TOP 09, ANO 2011, Dobrá volba 2016, SPR-Republ.str.Èsl. M.Sládka, Køes.demokr.unie-Ès.str.lid., Èeská strana národnì sociální, REALISTÉ, SPORTOVCI, Dìlnic.str.sociální spravedl., Svob.a pø.dem.-T.Okamura (SPD), Strana Práv Obèanù"
542407,Trnovany            ,295,215,214,"Obèanská demokratická strana, Øád národa - Vlastenecká unie, CESTA ODPOVÌDNÉ SPOLEÈNOSTI, Èeská str.sociálnì demokrat., STAROSTOVÉ A NEZÁVISLÍ, Komunistická str.Èech a Moravy, Strana zelenıch, ROZUMNÍ-stop migraci,diktát.EU, Strana svobodnıch obèanù, Blok proti islam.-Obran.domova, Obèanská demokratická aliance, Èeská pirátská strana, Referendum o Evropské unii, TOP 09, ANO 2011, Dobrá volba 2016, SPR-Republ.str.Èsl. M.Sládka, Køes.demokr.unie-Ès.str.lid., Èeská strana národnì sociální, REALISTÉ, SPORTOVCI, Dìlnic.str.sociální spravedl., Svob.a pø.dem.-T.Okamura (SPD), Strana Práv Obèanù"
565768,Tøebenice           ,1471,912,909,"Obèanská demokratická aliance, Èeská str.sociálnì demokrat., CESTA ODPOVÌDNÉ SPOLEÈNOSTI, Obèanská demokratická strana, Strana zelenıch, Referendum o Evropské unii, ROZUMNÍ-stop migraci,diktát.EU, Èeská strana národnì sociální, Køes.demokr.unie-Ès.str.lid., Komunistická str.Èech a Moravy, STAROSTOVÉ A NEZÁVISLÍ, Dobrá volba 2016, SPR-Republ.str.Èsl. M.Sládka, Dìlnic.str.sociální spravedl., SPORTOVCI, ANO 2011, Øád národa - Vlastenecká unie, REALISTÉ, Strana svobodnıch obèanù, Blok proti islam.-Obran.domova, TOP 09, Svob.a pø.dem.-T.Okamura (SPD), Èeská pirátská strana, Strana Práv Obèanù"
565776,Tøebívlice          ,702,435,432,"Obèanská demokratická aliance, Èeská str.sociálnì demokrat., CESTA ODPOVÌDNÉ SPOLEÈNOSTI, Obèanská demokratická strana, Strana zelenıch, Referendum o Evropské unii, ROZUMNÍ-stop migraci,diktát.EU, Èeská strana národnì sociální, Køes.demokr.unie-Ès.str.lid., Komunistická str.Èech a Moravy, STAROSTOVÉ A NEZÁVISLÍ, Dobrá volba 2016, SPR-Republ.str.Èsl. M.Sládka, Dìlnic.str.sociální spravedl., SPORTOVCI, ANO 2011, Øád národa - Vlastenecká unie, REALISTÉ, Strana svobodnıch obèanù, Blok proti islam.-Obran.domova, TOP 09, Svob.a pø.dem.-T.Okamura (SPD), Èeská pirátská strana, Strana Práv Obèanù"
565792,Tøebušín            ,470,263,258,"Obèanská demokratická strana, Øád národa - Vlastenecká unie, CESTA ODPOVÌDNÉ SPOLEÈNOSTI, Èeská str.sociálnì demokrat., STAROSTOVÉ A NEZÁVISLÍ, Komunistická str.Èech a Moravy, Strana zelenıch, ROZUMNÍ-stop migraci,diktát.EU, Strana svobodnıch obèanù, Blok proti islam.-Obran.domova, Obèanská demokratická aliance, Èeská pirátská strana, Referendum o Evropské unii, TOP 09, ANO 2011, Dobrá volba 2016, SPR-Republ.str.Èsl. M.Sládka, Køes.demokr.unie-Ès.str.lid., Èeská strana národnì sociální, REALISTÉ, SPORTOVCI, Dìlnic.str.sociální spravedl., Svob.a pø.dem.-T.Okamura (SPD), Strana Práv Obèanù"
565806,Úpohlavy            ,207,147,147,"Obèanská demokratická strana, Øád národa - Vlastenecká unie, CESTA ODPOVÌDNÉ SPOLEÈNOSTI, Èeská str.sociálnì demokrat., STAROSTOVÉ A NEZÁVISLÍ, Komunistická str.Èech a Moravy, Strana zelenıch, ROZUMNÍ-stop migraci,diktát.EU, Strana svobodnıch obèanù, Blok proti islam.-Obran.domova, Obèanská demokratická aliance, Èeská pirátská strana, Referendum o Evropské unii, TOP 09, ANO 2011, Dobrá volba 2016, SPR-Republ.str.Èsl. M.Sládka, Køes.demokr.unie-Ès.str.lid., Èeská strana národnì sociální, REALISTÉ, SPORTOVCI, Dìlnic.str.sociální spravedl., Svob.a pø.dem.-T.Okamura (SPD), Strana Práv Obèanù"
565814,Úštìk               ,2256,1290,1284,"Obèanská demokratická aliance, Èeská str.sociálnì demokrat., CESTA ODPOVÌDNÉ SPOLEÈNOSTI, Obèanská demokratická strana, Strana zelenıch, Referendum o Evropské unii, ROZUMNÍ-stop migraci,diktát.EU, Èeská strana národnì sociální, Køes.demokr.unie-Ès.str.lid., Komunistická str.Èech a Moravy, STAROSTOVÉ A NEZÁVISLÍ, Dobrá volba 2016, SPR-Republ.str.Èsl. M.Sládka, Dìlnic.str.sociální spravedl., SPORTOVCI, ANO 2011, Øád národa - Vlastenecká unie, REALISTÉ, Strana svobodnıch obèanù, Blok proti islam.-Obran.domova, TOP 09, Svob.a pø.dem.-T.Okamura (SPD), Èeská pirátská strana, Strana Práv Obèanù"
565831,Vìdomice            ,696,505,502,"Obèanská demokratická strana, Øád národa - Vlastenecká unie, CESTA ODPOVÌDNÉ SPOLEÈNOSTI, Èeská str.sociálnì demokrat., STAROSTOVÉ A NEZÁVISLÍ, Komunistická str.Èech a Moravy, Strana zelenıch, ROZUMNÍ-stop migraci,diktát.EU, Strana svobodnıch obèanù, Blok proti islam.-Obran.domova, Obèanská demokratická aliance, Èeská pirátská strana, Referendum o Evropské unii, TOP 09, ANO 2011, Dobrá volba 2016, SPR-Republ.str.Èsl. M.Sládka, Køes.demokr.unie-Ès.str.lid., Èeská strana národnì sociální, REALISTÉ, SPORTOVCI, Dìlnic.str.sociální spravedl., Svob.a pø.dem.-T.Okamura (SPD), Strana Práv Obèanù"
565849,Velemín             ,1270,754,748,"Obèanská demokratická aliance, Èeská str.sociálnì demokrat., CESTA ODPOVÌDNÉ SPOLEÈNOSTI, Obèanská demokratická strana, Strana zelenıch, Referendum o Evropské unii, ROZUMNÍ-stop migraci,diktát.EU, Èeská strana národnì sociální, Køes.demokr.unie-Ès.str.lid., Komunistická str.Èech a Moravy, STAROSTOVÉ A NEZÁVISLÍ, Dobrá volba 2016, SPR-Republ.str.Èsl. M.Sládka, Dìlnic.str.sociální spravedl., SPORTOVCI, ANO 2011, Øád národa - Vlastenecká unie, REALISTÉ, Strana svobodnıch obèanù, Blok proti islam.-Obran.domova, TOP 09, Svob.a pø.dem.-T.Okamura (SPD), Èeská pirátská strana, Strana Práv Obèanù"
565857,Velké ernoseky     ,390,243,236,"Obèanská demokratická strana, Øád národa - Vlastenecká unie, CESTA ODPOVÌDNÉ SPOLEÈNOSTI, Èeská str.sociálnì demokrat., STAROSTOVÉ A NEZÁVISLÍ, Komunistická str.Èech a Moravy, Strana zelenıch, ROZUMNÍ-stop migraci,diktát.EU, Strana svobodnıch obèanù, Blok proti islam.-Obran.domova, Obèanská demokratická aliance, Èeská pirátská strana, Referendum o Evropské unii, TOP 09, ANO 2011, Dobrá volba 2016, SPR-Republ.str.Èsl. M.Sládka, Køes.demokr.unie-Ès.str.lid., Èeská strana národnì sociální, REALISTÉ, SPORTOVCI, Dìlnic.str.sociální spravedl., Svob.a pø.dem.-T.Okamura (SPD), Strana Práv Obèanù"
565865,Vchynice            ,253,162,161,"Obèanská demokratická strana, Øád národa - Vlastenecká unie, CESTA ODPOVÌDNÉ SPOLEÈNOSTI, Èeská str.sociálnì demokrat., STAROSTOVÉ A NEZÁVISLÍ, Komunistická str.Èech a Moravy, Strana zelenıch, ROZUMNÍ-stop migraci,diktát.EU, Strana svobodnıch obèanù, Blok proti islam.-Obran.domova, Obèanská demokratická aliance, Èeská pirátská strana, Referendum o Evropské unii, TOP 09, ANO 2011, Dobrá volba 2016, SPR-Republ.str.Èsl. M.Sládka, Køes.demokr.unie-Ès.str.lid., Èeská strana národnì sociální, REALISTÉ, SPORTOVCI, Dìlnic.str.sociální spravedl., Svob.a pø.dem.-T.Okamura (SPD), Strana Práv Obèanù"
565873,Vlastislav          ,141,78,78,"Obèanská demokratická strana, Øád národa - Vlastenecká unie, CESTA ODPOVÌDNÉ SPOLEÈNOSTI, Èeská str.sociálnì demokrat., STAROSTOVÉ A NEZÁVISLÍ, Komunistická str.Èech a Moravy, Strana zelenıch, ROZUMNÍ-stop migraci,diktát.EU, Strana svobodnıch obèanù, Blok proti islam.-Obran.domova, Obèanská demokratická aliance, Èeská pirátská strana, Referendum o Evropské unii, TOP 09, ANO 2011, Dobrá volba 2016, SPR-Republ.str.Èsl. M.Sládka, Køes.demokr.unie-Ès.str.lid., Èeská strana národnì sociální, REALISTÉ, SPORTOVCI, Dìlnic.str.sociální spravedl., Svob.a pø.dem.-T.Okamura (SPD), Strana Práv Obèanù"
565881,Vrakov             ,332,200,200,"Obèanská demokratická strana, Øád národa - Vlastenecká unie, CESTA ODPOVÌDNÉ SPOLEÈNOSTI, Èeská str.sociálnì demokrat., STAROSTOVÉ A NEZÁVISLÍ, Komunistická str.Èech a Moravy, Strana zelenıch, ROZUMNÍ-stop migraci,diktát.EU, Strana svobodnıch obèanù, Blok proti islam.-Obran.domova, Obèanská demokratická aliance, Èeská pirátská strana, Referendum o Evropské unii, TOP 09, ANO 2011, Dobrá volba 2016, SPR-Republ.str.Èsl. M.Sládka, Køes.demokr.unie-Ès.str.lid., Èeská strana národnì sociální, REALISTÉ, SPORTOVCI, Dìlnic.str.sociální spravedl., Svob.a pø.dem.-T.Okamura (SPD), Strana Práv Obèanù"
565890,Vrbice              ,405,248,248,"Obèanská demokratická strana, Øád národa - Vlastenecká unie, CESTA ODPOVÌDNÉ SPOLEÈNOSTI, Èeská str.sociálnì demokrat., STAROSTOVÉ A NEZÁVISLÍ, Komunistická str.Èech a Moravy, Strana zelenıch, ROZUMNÍ-stop migraci,diktát.EU, Strana svobodnıch obèanù, Blok proti islam.-Obran.domova, Obèanská demokratická aliance, Èeská pirátská strana, Referendum o Evropské unii, TOP 09, ANO 2011, Dobrá volba 2016, SPR-Republ.str.Èsl. M.Sládka, Køes.demokr.unie-Ès.str.lid., Èeská strana národnì sociální, REALISTÉ, SPORTOVCI, Dìlnic.str.sociální spravedl., Svob.a pø.dem.-T.Okamura (SPD), Strana Práv Obèanù"
565903,Vrbièany            ,262,130,130,"Obèanská demokratická strana, Øád národa - Vlastenecká unie, CESTA ODPOVÌDNÉ SPOLEÈNOSTI, Èeská str.sociálnì demokrat., STAROSTOVÉ A NEZÁVISLÍ, Komunistická str.Èech a Moravy, Strana zelenıch, ROZUMNÍ-stop migraci,diktát.EU, Strana svobodnıch obèanù, Blok proti islam.-Obran.domova, Obèanská demokratická aliance, Èeská pirátská strana, Referendum o Evropské unii, TOP 09, ANO 2011, Dobrá volba 2016, SPR-Republ.str.Èsl. M.Sládka, Køes.demokr.unie-Ès.str.lid., Èeská strana národnì sociální, REALISTÉ, SPORTOVCI, Dìlnic.str.sociální spravedl., Svob.a pø.dem.-T.Okamura (SPD), Strana Práv Obèanù"
565911,Vrutice             ,250,130,129,"Obèanská demokratická strana, Øád národa - Vlastenecká unie, CESTA ODPOVÌDNÉ SPOLEÈNOSTI, Èeská str.sociálnì demokrat., STAROSTOVÉ A NEZÁVISLÍ, Komunistická str.Èech a Moravy, Strana zelenıch, ROZUMNÍ-stop migraci,diktát.EU, Strana svobodnıch obèanù, Blok proti islam.-Obran.domova, Obèanská demokratická aliance, Èeská pirátská strana, Referendum o Evropské unii, TOP 09, ANO 2011, Dobrá volba 2016, SPR-Republ.str.Èsl. M.Sládka, Køes.demokr.unie-Ès.str.lid., Èeská strana národnì sociální, REALISTÉ, SPORTOVCI, Dìlnic.str.sociální spravedl., Svob.a pø.dem.-T.Okamura (SPD), Strana Práv Obèanù"
542482,Záluí              ,139,99,99,"Obèanská demokratická strana, Øád národa - Vlastenecká unie, CESTA ODPOVÌDNÉ SPOLEÈNOSTI, Èeská str.sociálnì demokrat., STAROSTOVÉ A NEZÁVISLÍ, Komunistická str.Èech a Moravy, Strana zelenıch, ROZUMNÍ-stop migraci,diktát.EU, Strana svobodnıch obèanù, Blok proti islam.-Obran.domova, Obèanská demokratická aliance, Èeská pirátská strana, Referendum o Evropské unii, TOP 09, ANO 2011, Dobrá volba 2016, SPR-Republ.str.Èsl. M.Sládka, Køes.demokr.unie-Ès.str.lid., Èeská strana národnì sociální, REALISTÉ, SPORTOVCI, Dìlnic.str.sociální spravedl., Svob.a pø.dem.-T.Okamura (SPD), Strana Práv Obèanù"
565938,abovøesky nad Ohøí ,201,141,140,"Obèanská demokratická strana, Øád národa - Vlastenecká unie, CESTA ODPOVÌDNÉ SPOLEÈNOSTI, Èeská str.sociálnì demokrat., STAROSTOVÉ A NEZÁVISLÍ, Komunistická str.Èech a Moravy, Strana zelenıch, ROZUMNÍ-stop migraci,diktát.EU, Strana svobodnıch obèanù, Blok proti islam.-Obran.domova, Obèanská demokratická aliance, Èeská pirátská strana, Referendum o Evropské unii, TOP 09, ANO 2011, Dobrá volba 2016, SPR-Republ.str.Èsl. M.Sládka, Køes.demokr.unie-Ès.str.lid., Èeská strana národnì sociální, REALISTÉ, SPORTOVCI, Dìlnic.str.sociální spravedl., Svob.a pø.dem.-T.Okamura (SPD), Strana Práv Obèanù"
565946,alhostice          ,402,265,264,"Obèanská demokratická strana, Øád národa - Vlastenecká unie, CESTA ODPOVÌDNÉ SPOLEÈNOSTI, Èeská str.sociálnì demokrat., STAROSTOVÉ A NEZÁVISLÍ, Komunistická str.Èech a Moravy, Strana zelenıch, ROZUMNÍ-stop migraci,diktát.EU, Strana svobodnıch obèanù, Blok proti islam.-Obran.domova, Obèanská demokratická aliance, Èeská pirátská strana, Referendum o Evropské unii, TOP 09, ANO 2011, Dobrá volba 2016, SPR-Republ.str.Èsl. M.Sládka, Køes.demokr.unie-Ès.str.lid., Èeská strana národnì sociální, REALISTÉ, SPORTOVCI, Dìlnic.str.sociální spravedl., Svob.a pø.dem.-T.Okamura (SPD), Strana Práv Obèanù"
565954,idovice            ,295,187,186,"Obèanská demokratická strana, Øád národa - Vlastenecká unie, CESTA ODPOVÌDNÉ SPOLEÈNOSTI, Èeská str.sociálnì demokrat., STAROSTOVÉ A NEZÁVISLÍ, Komunistická str.Èech a Moravy, Strana zelenıch, ROZUMNÍ-stop migraci,diktát.EU, Strana svobodnıch obèanù, Blok proti islam.-Obran.domova, Obèanská demokratická aliance, Èeská pirátská strana, Referendum o Evropské unii, TOP 09, ANO 2011, Dobrá volba 2016, SPR-Republ.str.Èsl. M.Sládka, Køes.demokr.unie-Ès.str.lid., Èeská strana národnì sociální, REALISTÉ, SPORTOVCI, Dìlnic.str.sociální spravedl., Svob.a pø.dem.-T.Okamura (SPD), Strana Práv Obèanù"
565962,itenice            ,1235,769,762,"Obèanská demokratická aliance, Èeská str.sociálnì demokrat., CESTA ODPOVÌDNÉ SPOLEÈNOSTI, Obèanská demokratická strana, Strana zelenıch, Referendum o Evropské unii, ROZUMNÍ-stop migraci,diktát.EU, Èeská strana národnì sociální, Køes.demokr.unie-Ès.str.lid., Komunistická str.Èech a Moravy, STAROSTOVÉ A NEZÁVISLÍ, Dobrá volba 2016, SPR-Republ.str.Èsl. M.Sládka, Dìlnic.str.sociální spravedl., SPORTOVCI, ANO 2011, Øád národa - Vlastenecká unie, REALISTÉ, Strana svobodnıch obèanù, Blok proti islam.-Obran.domova, TOP 09, Svob.a pø.dem.-T.Okamura (SPD), Èeská pirátská strana, Strana Práv Obèanù"
